,Strand,Sub-Strand,SpecificLearningOutcomes,SuggestedLearningExperiences,key_inquiry,Exceeds Expectations,Meets Expectations,Approaches Expectations,Below Expectations,grade
0,1.0Numbers,"1.1Number
Concept
(20lessons)","sortandgroupobjectsaccordingto
differentattributeswithinthe
classroom,"," Learnersinpairs/groupstocollectdifferenttypes
ofsafeobjects.
 Learnersinpairs/groupstosortobjectswith
sameattributeandgroupthemtogether.
 Learnerstoplaydigitalgamesinvolvingsorting
andgroupingaccordingtodifferentattributes.
 Learnersinpairs/groupstopairandmatch
objectstoestaďlish͞eƋualto͟,͞ŵoƌethaŶ͟aŶd
͞lessthaŶ.͟
 Learnerstoorderobjectsaccordingtosizefrom
smallesttobiggestandviceversa.
 Learnerstomakepatternsusingrealobjects.
 Learnerstorecitenumbernamesupto50.
 Learnerstorepresentnumbers1-30using
concreteobjectsaswellastheirbodyparts.
 Learnerstodemonstratethatanygivengroup
hasonlyonecount.
 Learnerinpairs/groupstocollectandsortlitter
intheenvironmentandputitinvariousgroups
accordingtoanattributeoftheirchoiceandgive
reasonsforthegrouping.
 Learnersinpairs/groupscouldassistinarranging,
edibleitemslikefruits,cabbagesaccordingto
sizeandcolourintheschoolstore.
 Learnerscouldvisitamarketforthemtoobserve
thesortingandgroupingoffruitsandvegetables","1)Howcanwefindout
whichgrouphasmore
objectsthananother?
2)Howcanwegroup
items?","Correctly:sortsandgroups, pairsand
matches, ordersandsequences, recites
numbers1-50, representsnumbers1-
30usingconcreteobjectsandbeyond","Correctly:sortsandgroups, pairsand
matches, ordersandsequences, recites
numbers1-50, representsnumbers1-
30usingconcreteobjects.","Inconsistently:sortsandgroups, pairs
andmatches, ordersandsequences,
recitesnumbers1-50, representsnumbers
1-30usingconcreteobjects.","Majorinaccuraciesin:sortingand
grouping, pairingandmatching,
orderingandsequencing, reciting
numbers1-50, representingnumbers1-
30usingconcreteobjects.",one
1,1.0Numbers,"1.1Number
Concept
(20lessons)","pairandmatchobjectsinthe
environment,"," Learnersinpairs/groupstocollectdifferenttypes
ofsafeobjects.
 Learnersinpairs/groupstosortobjectswith
sameattributeandgroupthemtogether.
 Learnerstoplaydigitalgamesinvolvingsorting
andgroupingaccordingtodifferentattributes.
 Learnersinpairs/groupstopairandmatch
objectstoestaďlish͞eƋualto͟,͞ŵoƌethaŶ͟aŶd
͞lessthaŶ.͟
 Learnerstoorderobjectsaccordingtosizefrom
smallesttobiggestandviceversa.
 Learnerstomakepatternsusingrealobjects.
 Learnerstorecitenumbernamesupto50.
 Learnerstorepresentnumbers1-30using
concreteobjectsaswellastheirbodyparts.
 Learnerstodemonstratethatanygivengroup
hasonlyonecount.
 Learnerinpairs/groupstocollectandsortlitter
intheenvironmentandputitinvariousgroups
accordingtoanattributeoftheirchoiceandgive
reasonsforthegrouping.
 Learnersinpairs/groupscouldassistinarranging,
edibleitemslikefruits,cabbagesaccordingto
sizeandcolourintheschoolstore.
 Learnerscouldvisitamarketforthemtoobserve
thesortingandgroupingoffruitsandvegetables","1)Howcanwefindout
whichgrouphasmore
objectsthananother?
2)Howcanwegroup
items?","Correctly:sortsandgroups, pairsand
matches, ordersandsequences, recites
numbers1-50, representsnumbers1-
30usingconcreteobjectsandbeyond","Correctly:sortsandgroups, pairsand
matches, ordersandsequences, recites
numbers1-50, representsnumbers1-
30usingconcreteobjects.","Inconsistently:sortsandgroups, pairs
andmatches, ordersandsequences,
recitesnumbers1-50, representsnumbers
1-30usingconcreteobjects.","Majorinaccuraciesin:sortingand
grouping, pairingandmatching,
orderingandsequencing, reciting
numbers1-50, representingnumbers1-
30usingconcreteobjects.",one
2,1.0Numbers,"1.1Number
Concept
(20lessons)","orderandsequenceobjectsin
ascendinganddescendingorder,"," Learnersinpairs/groupstocollectdifferenttypes
ofsafeobjects.
 Learnersinpairs/groupstosortobjectswith
sameattributeandgroupthemtogether.
 Learnerstoplaydigitalgamesinvolvingsorting
andgroupingaccordingtodifferentattributes.
 Learnersinpairs/groupstopairandmatch
objectstoestaďlish͞eƋualto͟,͞ŵoƌethaŶ͟aŶd
͞lessthaŶ.͟
 Learnerstoorderobjectsaccordingtosizefrom
smallesttobiggestandviceversa.
 Learnerstomakepatternsusingrealobjects.
 Learnerstorecitenumbernamesupto50.
 Learnerstorepresentnumbers1-30using
concreteobjectsaswellastheirbodyparts.
 Learnerstodemonstratethatanygivengroup
hasonlyonecount.
 Learnerinpairs/groupstocollectandsortlitter
intheenvironmentandputitinvariousgroups
accordingtoanattributeoftheirchoiceandgive
reasonsforthegrouping.
 Learnersinpairs/groupscouldassistinarranging,
edibleitemslikefruits,cabbagesaccordingto
sizeandcolourintheschoolstore.
 Learnerscouldvisitamarketforthemtoobserve
thesortingandgroupingoffruitsandvegetables","1)Howcanwefindout
whichgrouphasmore
objectsthananother?
2)Howcanwegroup
items?","Correctly:sortsandgroups, pairsand
matches, ordersandsequences, recites
numbers1-50, representsnumbers1-
30usingconcreteobjectsandbeyond","Correctly:sortsandgroups, pairsand
matches, ordersandsequences, recites
numbers1-50, representsnumbers1-
30usingconcreteobjects.","Inconsistently:sortsandgroups, pairs
andmatches, ordersandsequences,
recitesnumbers1-50, representsnumbers
1-30usingconcreteobjects.","Majorinaccuraciesin:sortingand
grouping, pairingandmatching,
orderingandsequencing, reciting
numbers1-50, representingnumbers1-
30usingconcreteobjects.",one
3,1.0Numbers,"1.1Number
Concept
(20lessons)","makepatternsusingrealobjects,"," Learnersinpairs/groupstocollectdifferenttypes
ofsafeobjects.
 Learnersinpairs/groupstosortobjectswith
sameattributeandgroupthemtogether.
 Learnerstoplaydigitalgamesinvolvingsorting
andgroupingaccordingtodifferentattributes.
 Learnersinpairs/groupstopairandmatch
objectstoestaďlish͞eƋualto͟,͞ŵoƌethaŶ͟aŶd
͞lessthaŶ.͟
 Learnerstoorderobjectsaccordingtosizefrom
smallesttobiggestandviceversa.
 Learnerstomakepatternsusingrealobjects.
 Learnerstorecitenumbernamesupto50.
 Learnerstorepresentnumbers1-30using
concreteobjectsaswellastheirbodyparts.
 Learnerstodemonstratethatanygivengroup
hasonlyonecount.
 Learnerinpairs/groupstocollectandsortlitter
intheenvironmentandputitinvariousgroups
accordingtoanattributeoftheirchoiceandgive
reasonsforthegrouping.
 Learnersinpairs/groupscouldassistinarranging,
edibleitemslikefruits,cabbagesaccordingto
sizeandcolourintheschoolstore.
 Learnerscouldvisitamarketforthemtoobserve
thesortingandgroupingoffruitsandvegetables","1)Howcanwefindout
whichgrouphasmore
objectsthananother?
2)Howcanwegroup
items?","Correctly:sortsandgroups, pairsand
matches, ordersandsequences, recites
numbers1-50, representsnumbers1-
30usingconcreteobjectsandbeyond","Correctly:sortsandgroups, pairsand
matches, ordersandsequences, recites
numbers1-50, representsnumbers1-
30usingconcreteobjects.","Inconsistently:sortsandgroups, pairs
andmatches, ordersandsequences,
recitesnumbers1-50, representsnumbers
1-30usingconcreteobjects.","Majorinaccuraciesin:sortingand
grouping, pairingandmatching,
orderingandsequencing, reciting
numbers1-50, representingnumbers1-
30usingconcreteobjects.",one
4,1.0Numbers,"1.1Number
Concept
(20lessons)","recitenumbernamesinorderupto
50,"," Learnersinpairs/groupstocollectdifferenttypes
ofsafeobjects.
 Learnersinpairs/groupstosortobjectswith
sameattributeandgroupthemtogether.
 Learnerstoplaydigitalgamesinvolvingsorting
andgroupingaccordingtodifferentattributes.
 Learnersinpairs/groupstopairandmatch
objectstoestaďlish͞eƋualto͟,͞ŵoƌethaŶ͟aŶd
͞lessthaŶ.͟
 Learnerstoorderobjectsaccordingtosizefrom
smallesttobiggestandviceversa.
 Learnerstomakepatternsusingrealobjects.
 Learnerstorecitenumbernamesupto50.
 Learnerstorepresentnumbers1-30using
concreteobjectsaswellastheirbodyparts.
 Learnerstodemonstratethatanygivengroup
hasonlyonecount.
 Learnerinpairs/groupstocollectandsortlitter
intheenvironmentandputitinvariousgroups
accordingtoanattributeoftheirchoiceandgive
reasonsforthegrouping.
 Learnersinpairs/groupscouldassistinarranging,
edibleitemslikefruits,cabbagesaccordingto
sizeandcolourintheschoolstore.
 Learnerscouldvisitamarketforthemtoobserve
thesortingandgroupingoffruitsandvegetables","1)Howcanwefindout
whichgrouphasmore
objectsthananother?
2)Howcanwegroup
items?","Correctly:sortsandgroups, pairsand
matches, ordersandsequences, recites
numbers1-50, representsnumbers1-
30usingconcreteobjectsandbeyond","Correctly:sortsandgroups, pairsand
matches, ordersandsequences, recites
numbers1-50, representsnumbers1-
30usingconcreteobjects.","Inconsistently:sortsandgroups, pairs
andmatches, ordersandsequences,
recitesnumbers1-50, representsnumbers
1-30usingconcreteobjects.","Majorinaccuraciesin:sortingand
grouping, pairingandmatching,
orderingandsequencing, reciting
numbers1-50, representingnumbers1-
30usingconcreteobjects.",one
5,1.0Numbers,"1.1Number
Concept
(20lessons)","representnumbers1-30using
concreteobjects,"," Learnersinpairs/groupstocollectdifferenttypes
ofsafeobjects.
 Learnersinpairs/groupstosortobjectswith
sameattributeandgroupthemtogether.
 Learnerstoplaydigitalgamesinvolvingsorting
andgroupingaccordingtodifferentattributes.
 Learnersinpairs/groupstopairandmatch
objectstoestaďlish͞eƋualto͟,͞ŵoƌethaŶ͟aŶd
͞lessthaŶ.͟
 Learnerstoorderobjectsaccordingtosizefrom
smallesttobiggestandviceversa.
 Learnerstomakepatternsusingrealobjects.
 Learnerstorecitenumbernamesupto50.
 Learnerstorepresentnumbers1-30using
concreteobjectsaswellastheirbodyparts.
 Learnerstodemonstratethatanygivengroup
hasonlyonecount.
 Learnerinpairs/groupstocollectandsortlitter
intheenvironmentandputitinvariousgroups
accordingtoanattributeoftheirchoiceandgive
reasonsforthegrouping.
 Learnersinpairs/groupscouldassistinarranging,
edibleitemslikefruits,cabbagesaccordingto
sizeandcolourintheschoolstore.
 Learnerscouldvisitamarketforthemtoobserve
thesortingandgroupingoffruitsandvegetables","1)Howcanwefindout
whichgrouphasmore
objectsthananother?
2)Howcanwegroup
items?","Correctly:sortsandgroups, pairsand
matches, ordersandsequences, recites
numbers1-50, representsnumbers1-
30usingconcreteobjectsandbeyond","Correctly:sortsandgroups, pairsand
matches, ordersandsequences, recites
numbers1-50, representsnumbers1-
30usingconcreteobjects.","Inconsistently:sortsandgroups, pairs
andmatches, ordersandsequences,
recitesnumbers1-50, representsnumbers
1-30usingconcreteobjects.","Majorinaccuraciesin:sortingand
grouping, pairingandmatching,
orderingandsequencing, reciting
numbers1-50, representingnumbers1-
30usingconcreteobjects.",one
6,1.0Numbers,"1.1Number
Concept
(20lessons)","demonstratethroughcountingthata
groupinallsituationshasonlyone
count,"," Learnersinpairs/groupstocollectdifferenttypes
ofsafeobjects.
 Learnersinpairs/groupstosortobjectswith
sameattributeandgroupthemtogether.
 Learnerstoplaydigitalgamesinvolvingsorting
andgroupingaccordingtodifferentattributes.
 Learnersinpairs/groupstopairandmatch
objectstoestaďlish͞eƋualto͟,͞ŵoƌethaŶ͟aŶd
͞lessthaŶ.͟
 Learnerstoorderobjectsaccordingtosizefrom
smallesttobiggestandviceversa.
 Learnerstomakepatternsusingrealobjects.
 Learnerstorecitenumbernamesupto50.
 Learnerstorepresentnumbers1-30using
concreteobjectsaswellastheirbodyparts.
 Learnerstodemonstratethatanygivengroup
hasonlyonecount.
 Learnerinpairs/groupstocollectandsortlitter
intheenvironmentandputitinvariousgroups
accordingtoanattributeoftheirchoiceandgive
reasonsforthegrouping.
 Learnersinpairs/groupscouldassistinarranging,
edibleitemslikefruits,cabbagesaccordingto
sizeandcolourintheschoolstore.
 Learnerscouldvisitamarketforthemtoobserve
thesortingandgroupingoffruitsandvegetables","1)Howcanwefindout
whichgrouphasmore
objectsthananother?
2)Howcanwegroup
items?","Correctly:sortsandgroups, pairsand
matches, ordersandsequences, recites
numbers1-50, representsnumbers1-
30usingconcreteobjectsandbeyond","Correctly:sortsandgroups, pairsand
matches, ordersandsequences, recites
numbers1-50, representsnumbers1-
30usingconcreteobjects.","Inconsistently:sortsandgroups, pairs
andmatches, ordersandsequences,
recitesnumbers1-50, representsnumbers
1-30usingconcreteobjects.","Majorinaccuraciesin:sortingand
grouping, pairingandmatching,
orderingandsequencing, reciting
numbers1-50, representingnumbers1-
30usingconcreteobjects.",one
7,1.0Numbers,"1.1Number
Concept
(20lessons)","appreciatetheuseofsortingand
groupingitemsindaytoday
activities."," Learnersinpairs/groupstocollectdifferenttypes
ofsafeobjects.
 Learnersinpairs/groupstosortobjectswith
sameattributeandgroupthemtogether.
 Learnerstoplaydigitalgamesinvolvingsorting
andgroupingaccordingtodifferentattributes.
 Learnersinpairs/groupstopairandmatch
objectstoestaďlish͞eƋualto͟,͞ŵoƌethaŶ͟aŶd
͞lessthaŶ.͟
 Learnerstoorderobjectsaccordingtosizefrom
smallesttobiggestandviceversa.
 Learnerstomakepatternsusingrealobjects.
 Learnerstorecitenumbernamesupto50.
 Learnerstorepresentnumbers1-30using
concreteobjectsaswellastheirbodyparts.
 Learnerstodemonstratethatanygivengroup
hasonlyonecount.
 Learnerinpairs/groupstocollectandsortlitter
intheenvironmentandputitinvariousgroups
accordingtoanattributeoftheirchoiceandgive
reasonsforthegrouping.
 Learnersinpairs/groupscouldassistinarranging,
edibleitemslikefruits,cabbagesaccordingto
sizeandcolourintheschoolstore.
 Learnerscouldvisitamarketforthemtoobserve
thesortingandgroupingoffruitsandvegetables","1)Howcanwefindout
whichgrouphasmore
objectsthananother?
2)Howcanwegroup
items?","Correctly:sortsandgroups, pairsand
matches, ordersandsequences, recites
numbers1-50, representsnumbers1-
30usingconcreteobjectsandbeyond","Correctly:sortsandgroups, pairsand
matches, ordersandsequences, recites
numbers1-50, representsnumbers1-
30usingconcreteobjects.","Inconsistently:sortsandgroups, pairs
andmatches, ordersandsequences,
recitesnumbers1-50, representsnumbers
1-30usingconcreteobjects.","Majorinaccuraciesin:sortingand
grouping, pairingandmatching,
orderingandsequencing, reciting
numbers1-50, representingnumbers1-
30usingconcreteobjects.",one
8,1.0Numbers,"1.2WholeNumbers
(25lessons)","countnumbersforwardandbackwardup
to100,","Learnersinpairs/groupstocountby1’sand
2’supto20startingfrom anypointusing
concreteobjectsaswellasbodyparts.
 Learnerstotaketurnsincountingby:
 -5’supto50startingfrom zero
 -10’supto100startingfrom zero.
 Learnersinpairs/groupstocountby1’s
and2areusinganumberline.
 Learners in pairs/groups to play games
that involve representing numbers 1-
50usingconcreteobjects.
 Learnerstoidentifyplacevalueofones
andtens.
 Learnersinpairstoreciteandwrite
numbers1-50insymbols.
 Learnerstopracticewritingnumbers
1-10inwords.
 Learnerstoidentifymissing
numbersinnumberpatternsupto
20.
 Learnersinpairstocreatepatternswith
numbersupto20andsharewithother
groups.
 Learnerstoplaydigital
gamesinvolvingwhole
numbers.
 Learnerstoroleplayacashierinday
todaylifeactivitiessuchasacashier
counting5shillingcoins","Howmanyways
canwecountfrom
1-20?","Correctly:countsupto100, represents
numbers1-50usingconcreteobjects,
identifiesplacevalueofonesand
tens, reads, writesnumbersin
symbolsandwords, worksout
missingnumbersinnumberpatterns
andbeyond","Correctly:countsupto100,
representsnumbers1-50using
concreteobjects, identifiesplacevalue
ofonesandtens, reads, writes
numbersinsymbolsandwords, works
outmissingnumbersinnumber
patterns.","Inconsistently:countsupto100,
representsnumbers1-50usingconcrete
objects, identifiesplacevalueofonesand
tens, reads, writesnumbersinsymbols
andwords, worksoutmissingnumbers
innumberpatterns.","Majorinaccuraciesin:countingupto
100, representingnumbers1-50using
concreteobjects, identifyingplacevalue
ofonesandtens, readingandwriting
numbersinsymbolsandwords,
workingoutmissingnumbersinnumber
patterns.",one
9,1.0Numbers,"1.2WholeNumbers
(25lessons)","representnumbers1-50usingconcrete
objects,","Learnersinpairs/groupstocountby1’sand
2’supto20startingfrom anypointusing
concreteobjectsaswellasbodyparts.
 Learnerstotaketurnsincountingby:
 -5’supto50startingfrom zero
 -10’supto100startingfrom zero.
 Learnersinpairs/groupstocountby1’s
and2areusinganumberline.
 Learners in pairs/groups to play games
that involve representing numbers 1-
50usingconcreteobjects.
 Learnerstoidentifyplacevalueofones
andtens.
 Learnersinpairstoreciteandwrite
numbers1-50insymbols.
 Learnerstopracticewritingnumbers
1-10inwords.
 Learnerstoidentifymissing
numbersinnumberpatternsupto
20.
 Learnersinpairstocreatepatternswith
numbersupto20andsharewithother
groups.
 Learnerstoplaydigital
gamesinvolvingwhole
numbers.
 Learnerstoroleplayacashierinday
todaylifeactivitiessuchasacashier
counting5shillingcoins","Howmanyways
canwecountfrom
1-20?","Correctly:countsupto100, represents
numbers1-50usingconcreteobjects,
identifiesplacevalueofonesand
tens, reads, writesnumbersin
symbolsandwords, worksout
missingnumbersinnumberpatterns
andbeyond","Correctly:countsupto100,
representsnumbers1-50using
concreteobjects, identifiesplacevalue
ofonesandtens, reads, writes
numbersinsymbolsandwords, works
outmissingnumbersinnumber
patterns.","Inconsistently:countsupto100,
representsnumbers1-50usingconcrete
objects, identifiesplacevalueofonesand
tens, reads, writesnumbersinsymbols
andwords, worksoutmissingnumbers
innumberpatterns.","Majorinaccuraciesin:countingupto
100, representingnumbers1-50using
concreteobjects, identifyingplacevalue
ofonesandtens, readingandwriting
numbersinsymbolsandwords,
workingoutmissingnumbersinnumber
patterns.",one
10,1.0Numbers,"1.2WholeNumbers
(25lessons)","identifyplacevalueofonesandtens,","Learnersinpairs/groupstocountby1’sand
2’supto20startingfrom anypointusing
concreteobjectsaswellasbodyparts.
 Learnerstotaketurnsincountingby:
 -5’supto50startingfrom zero
 -10’supto100startingfrom zero.
 Learnersinpairs/groupstocountby1’s
and2areusinganumberline.
 Learners in pairs/groups to play games
that involve representing numbers 1-
50usingconcreteobjects.
 Learnerstoidentifyplacevalueofones
andtens.
 Learnersinpairstoreciteandwrite
numbers1-50insymbols.
 Learnerstopracticewritingnumbers
1-10inwords.
 Learnerstoidentifymissing
numbersinnumberpatternsupto
20.
 Learnersinpairstocreatepatternswith
numbersupto20andsharewithother
groups.
 Learnerstoplaydigital
gamesinvolvingwhole
numbers.
 Learnerstoroleplayacashierinday
todaylifeactivitiessuchasacashier
counting5shillingcoins","Howmanyways
canwecountfrom
1-20?","Correctly:countsupto100, represents
numbers1-50usingconcreteobjects,
identifiesplacevalueofonesand
tens, reads, writesnumbersin
symbolsandwords, worksout
missingnumbersinnumberpatterns
andbeyond","Correctly:countsupto100,
representsnumbers1-50using
concreteobjects, identifiesplacevalue
ofonesandtens, reads, writes
numbersinsymbolsandwords, works
outmissingnumbersinnumber
patterns.","Inconsistently:countsupto100,
representsnumbers1-50usingconcrete
objects, identifiesplacevalueofonesand
tens, reads, writesnumbersinsymbols
andwords, worksoutmissingnumbers
innumberpatterns.","Majorinaccuraciesin:countingupto
100, representingnumbers1-50using
concreteobjects, identifyingplacevalue
ofonesandtens, readingandwriting
numbersinsymbolsandwords,
workingoutmissingnumbersinnumber
patterns.",one
11,1.0Numbers,"1.2WholeNumbers
(25lessons)","readandwritenumbers1-50insymbols,","Learnersinpairs/groupstocountby1’sand
2’supto20startingfrom anypointusing
concreteobjectsaswellasbodyparts.
 Learnerstotaketurnsincountingby:
 -5’supto50startingfrom zero
 -10’supto100startingfrom zero.
 Learnersinpairs/groupstocountby1’s
and2areusinganumberline.
 Learners in pairs/groups to play games
that involve representing numbers 1-
50usingconcreteobjects.
 Learnerstoidentifyplacevalueofones
andtens.
 Learnersinpairstoreciteandwrite
numbers1-50insymbols.
 Learnerstopracticewritingnumbers
1-10inwords.
 Learnerstoidentifymissing
numbersinnumberpatternsupto
20.
 Learnersinpairstocreatepatternswith
numbersupto20andsharewithother
groups.
 Learnerstoplaydigital
gamesinvolvingwhole
numbers.
 Learnerstoroleplayacashierinday
todaylifeactivitiessuchasacashier
counting5shillingcoins","Howmanyways
canwecountfrom
1-20?","Correctly:countsupto100, represents
numbers1-50usingconcreteobjects,
identifiesplacevalueofonesand
tens, reads, writesnumbersin
symbolsandwords, worksout
missingnumbersinnumberpatterns
andbeyond","Correctly:countsupto100,
representsnumbers1-50using
concreteobjects, identifiesplacevalue
ofonesandtens, reads, writes
numbersinsymbolsandwords, works
outmissingnumbersinnumber
patterns.","Inconsistently:countsupto100,
representsnumbers1-50usingconcrete
objects, identifiesplacevalueofonesand
tens, reads, writesnumbersinsymbols
andwords, worksoutmissingnumbers
innumberpatterns.","Majorinaccuraciesin:countingupto
100, representingnumbers1-50using
concreteobjects, identifyingplacevalue
ofonesandtens, readingandwriting
numbersinsymbolsandwords,
workingoutmissingnumbersinnumber
patterns.",one
12,1.0Numbers,"1.2WholeNumbers
(25lessons)","writenumbers1-10inwords,","Learnersinpairs/groupstocountby1’sand
2’supto20startingfrom anypointusing
concreteobjectsaswellasbodyparts.
 Learnerstotaketurnsincountingby:
 -5’supto50startingfrom zero
 -10’supto100startingfrom zero.
 Learnersinpairs/groupstocountby1’s
and2areusinganumberline.
 Learners in pairs/groups to play games
that involve representing numbers 1-
50usingconcreteobjects.
 Learnerstoidentifyplacevalueofones
andtens.
 Learnersinpairstoreciteandwrite
numbers1-50insymbols.
 Learnerstopracticewritingnumbers
1-10inwords.
 Learnerstoidentifymissing
numbersinnumberpatternsupto
20.
 Learnersinpairstocreatepatternswith
numbersupto20andsharewithother
groups.
 Learnerstoplaydigital
gamesinvolvingwhole
numbers.
 Learnerstoroleplayacashierinday
todaylifeactivitiessuchasacashier
counting5shillingcoins","Howmanyways
canwecountfrom
1-20?","Correctly:countsupto100, represents
numbers1-50usingconcreteobjects,
identifiesplacevalueofonesand
tens, reads, writesnumbersin
symbolsandwords, worksout
missingnumbersinnumberpatterns
andbeyond","Correctly:countsupto100,
representsnumbers1-50using
concreteobjects, identifiesplacevalue
ofonesandtens, reads, writes
numbersinsymbolsandwords, works
outmissingnumbersinnumber
patterns.","Inconsistently:countsupto100,
representsnumbers1-50usingconcrete
objects, identifiesplacevalueofonesand
tens, reads, writesnumbersinsymbols
andwords, worksoutmissingnumbers
innumberpatterns.","Majorinaccuraciesin:countingupto
100, representingnumbers1-50using
concreteobjects, identifyingplacevalue
ofonesandtens, readingandwriting
numbersinsymbolsandwords,
workingoutmissingnumbersinnumber
patterns.",one
13,1.0Numbers,"1.2WholeNumbers
(25lessons)","identifymissingnumbersin
numberpatternsupto20,","Learnersinpairs/groupstocountby1’sand
2’supto20startingfrom anypointusing
concreteobjectsaswellasbodyparts.
 Learnerstotaketurnsincountingby:
 -5’supto50startingfrom zero
 -10’supto100startingfrom zero.
 Learnersinpairs/groupstocountby1’s
and2areusinganumberline.
 Learners in pairs/groups to play games
that involve representing numbers 1-
50usingconcreteobjects.
 Learnerstoidentifyplacevalueofones
andtens.
 Learnersinpairstoreciteandwrite
numbers1-50insymbols.
 Learnerstopracticewritingnumbers
1-10inwords.
 Learnerstoidentifymissing
numbersinnumberpatternsupto
20.
 Learnersinpairstocreatepatternswith
numbersupto20andsharewithother
groups.
 Learnerstoplaydigital
gamesinvolvingwhole
numbers.
 Learnerstoroleplayacashierinday
todaylifeactivitiessuchasacashier
counting5shillingcoins","Howmanyways
canwecountfrom
1-20?","Correctly:countsupto100, represents
numbers1-50usingconcreteobjects,
identifiesplacevalueofonesand
tens, reads, writesnumbersin
symbolsandwords, worksout
missingnumbersinnumberpatterns
andbeyond","Correctly:countsupto100,
representsnumbers1-50using
concreteobjects, identifiesplacevalue
ofonesandtens, reads, writes
numbersinsymbolsandwords, works
outmissingnumbersinnumber
patterns.","Inconsistently:countsupto100,
representsnumbers1-50usingconcrete
objects, identifiesplacevalueofonesand
tens, reads, writesnumbersinsymbols
andwords, worksoutmissingnumbers
innumberpatterns.","Majorinaccuraciesin:countingupto
100, representingnumbers1-50using
concreteobjects, identifyingplacevalue
ofonesandtens, readingandwriting
numbersinsymbolsandwords,
workingoutmissingnumbersinnumber
patterns.",one
14,1.0Numbers,"1.2WholeNumbers
(25lessons)","appreciatenumberpatternsbycreating
andextendingpatternsduringplay
activities.","Learnersinpairs/groupstocountby1’sand
2’supto20startingfrom anypointusing
concreteobjectsaswellasbodyparts.
 Learnerstotaketurnsincountingby:
 -5’supto50startingfrom zero
 -10’supto100startingfrom zero.
 Learnersinpairs/groupstocountby1’s
and2areusinganumberline.
 Learners in pairs/groups to play games
that involve representing numbers 1-
50usingconcreteobjects.
 Learnerstoidentifyplacevalueofones
andtens.
 Learnersinpairstoreciteandwrite
numbers1-50insymbols.
 Learnerstopracticewritingnumbers
1-10inwords.
 Learnerstoidentifymissing
numbersinnumberpatternsupto
20.
 Learnersinpairstocreatepatternswith
numbersupto20andsharewithother
groups.
 Learnerstoplaydigital
gamesinvolvingwhole
numbers.
 Learnerstoroleplayacashierinday
todaylifeactivitiessuchasacashier
counting5shillingcoins","Howmanyways
canwecountfrom
1-20?","Correctly:countsupto100, represents
numbers1-50usingconcreteobjects,
identifiesplacevalueofonesand
tens, reads, writesnumbersin
symbolsandwords, worksout
missingnumbersinnumberpatterns
andbeyond","Correctly:countsupto100,
representsnumbers1-50using
concreteobjects, identifiesplacevalue
ofonesandtens, reads, writes
numbersinsymbolsandwords, works
outmissingnumbersinnumber
patterns.","Inconsistently:countsupto100,
representsnumbers1-50usingconcrete
objects, identifiesplacevalueofonesand
tens, reads, writesnumbersinsymbols
andwords, worksoutmissingnumbers
innumberpatterns.","Majorinaccuraciesin:countingupto
100, representingnumbers1-50using
concreteobjects, identifyingplacevalue
ofonesandtens, readingandwriting
numbersinsymbolsandwords,
workingoutmissingnumbersinnumber
patterns.",one
15,"1.0
Numbers","1.3Addition
(25lessons)","modeladditionasputting
objectstogether,"," Learnersinpairs/groupstoputtwogroupsof
objectstogetherandcounttogetthetotal.
 Learnerstouse'+'and'='signsinwriting
additionsentences.
 Learnerstoadd2-singledigit-numbersby
skippingonanumberline.
 Learnerstoadd2-singledigitnumbersusing
thefamilyof10.
 Learnerstoadd2-singledigitnumberby
countingon.
 Learnerstoadd3-singledigitnumbersusing
anumberline.
 Learnerstoadd3-singledigitnumbersby
countingon.
 Learnerstoadd3-singledigitnumbersusing
thefamilyof10.
 Learnerstoadda2-digitnumbertoa1-
digitnumberwithoutregroupinghorizontally
andverticallywithsum notexceeding100.
 Learnerstoaddmultiplesof10uptoa
100vertically.
 Learnerstoplaydigitalgamesinvolvingaddition.
 Learnerstomakepatternsinvolvingaddition
withnumbersupto100.","How can you
add a 2- digit
number to a
1- digit
number?","Correctly:modelsaddition, uses'+'and
'='signs, addsmorethan2-digit
numbersto1-digitnumbersusing
differentstrategies, adds3-singledigit
numbersuptoasum of10, adds
multiplesof10upto100, worksout
missingnumbersinpatternsbeyond100.","Correctly:modelsaddition, uses'+'and'
='signs, addsupto2-digitnumbersto
1-digitnumbersusingdifferent
strategies, adds3-singledigitnumbers
uptoasum of10, addsmultiplesof10
upto100, worksoutmissingnumbersin
patternsupto100.","Inconsistently:modelsaddition, uses'+'
and'='signs, addsupto2-digit
numbersto1-digitnumbersusing
differentstrategies, adds3-singledigit
numbersuptoasum of10, adds
multiplesof10upto100, worksout
missingnumbersinpatternsupto100.","Majorinaccuraciesin:modeling
addition, using'+'and'='signs, adding
upto2-digitnumbersto1-digit
numbersusingdifferentstrategies,
adding3-singledigitnumbersuptoa
sum of10, addingmultiplesof10upto
100, workingoutmissingnumbersin
patternsupto100.",one
16,"1.0
Numbers","1.3Addition
(25lessons)","use'+'and'='signsinwriting
additionsentences,"," Learnersinpairs/groupstoputtwogroupsof
objectstogetherandcounttogetthetotal.
 Learnerstouse'+'and'='signsinwriting
additionsentences.
 Learnerstoadd2-singledigit-numbersby
skippingonanumberline.
 Learnerstoadd2-singledigitnumbersusing
thefamilyof10.
 Learnerstoadd2-singledigitnumberby
countingon.
 Learnerstoadd3-singledigitnumbersusing
anumberline.
 Learnerstoadd3-singledigitnumbersby
countingon.
 Learnerstoadd3-singledigitnumbersusing
thefamilyof10.
 Learnerstoadda2-digitnumbertoa1-
digitnumberwithoutregroupinghorizontally
andverticallywithsum notexceeding100.
 Learnerstoaddmultiplesof10uptoa
100vertically.
 Learnerstoplaydigitalgamesinvolvingaddition.
 Learnerstomakepatternsinvolvingaddition
withnumbersupto100.","How can you
add a 2- digit
number to a
1- digit
number?","Correctly:modelsaddition, uses'+'and
'='signs, addsmorethan2-digit
numbersto1-digitnumbersusing
differentstrategies, adds3-singledigit
numbersuptoasum of10, adds
multiplesof10upto100, worksout
missingnumbersinpatternsbeyond100.","Correctly:modelsaddition, uses'+'and'
='signs, addsupto2-digitnumbersto
1-digitnumbersusingdifferent
strategies, adds3-singledigitnumbers
uptoasum of10, addsmultiplesof10
upto100, worksoutmissingnumbersin
patternsupto100.","Inconsistently:modelsaddition, uses'+'
and'='signs, addsupto2-digit
numbersto1-digitnumbersusing
differentstrategies, adds3-singledigit
numbersuptoasum of10, adds
multiplesof10upto100, worksout
missingnumbersinpatternsupto100.","Majorinaccuraciesin:modeling
addition, using'+'and'='signs, adding
upto2-digitnumbersto1-digit
numbersusingdifferentstrategies,
adding3-singledigitnumbersuptoa
sum of10, addingmultiplesof10upto
100, workingoutmissingnumbersin
patternsupto100.",one
17,"1.0
Numbers","1.3Addition
(25lessons)","add2-singledigitnumbersuptoa
sum of10,"," Learnersinpairs/groupstoputtwogroupsof
objectstogetherandcounttogetthetotal.
 Learnerstouse'+'and'='signsinwriting
additionsentences.
 Learnerstoadd2-singledigit-numbersby
skippingonanumberline.
 Learnerstoadd2-singledigitnumbersusing
thefamilyof10.
 Learnerstoadd2-singledigitnumberby
countingon.
 Learnerstoadd3-singledigitnumbersusing
anumberline.
 Learnerstoadd3-singledigitnumbersby
countingon.
 Learnerstoadd3-singledigitnumbersusing
thefamilyof10.
 Learnerstoadda2-digitnumbertoa1-
digitnumberwithoutregroupinghorizontally
andverticallywithsum notexceeding100.
 Learnerstoaddmultiplesof10uptoa
100vertically.
 Learnerstoplaydigitalgamesinvolvingaddition.
 Learnerstomakepatternsinvolvingaddition
withnumbersupto100.","How can you
add a 2- digit
number to a
1- digit
number?","Correctly:modelsaddition, uses'+'and
'='signs, addsmorethan2-digit
numbersto1-digitnumbersusing
differentstrategies, adds3-singledigit
numbersuptoasum of10, adds
multiplesof10upto100, worksout
missingnumbersinpatternsbeyond100.","Correctly:modelsaddition, uses'+'and'
='signs, addsupto2-digitnumbersto
1-digitnumbersusingdifferent
strategies, adds3-singledigitnumbers
uptoasum of10, addsmultiplesof10
upto100, worksoutmissingnumbersin
patternsupto100.","Inconsistently:modelsaddition, uses'+'
and'='signs, addsupto2-digit
numbersto1-digitnumbersusing
differentstrategies, adds3-singledigit
numbersuptoasum of10, adds
multiplesof10upto100, worksout
missingnumbersinpatternsupto100.","Majorinaccuraciesin:modeling
addition, using'+'and'='signs, adding
upto2-digitnumbersto1-digit
numbersusingdifferentstrategies,
adding3-singledigitnumbersuptoa
sum of10, addingmultiplesof10upto
100, workingoutmissingnumbersin
patternsupto100.",one
18,"1.0
Numbers","1.3Addition
(25lessons)","add3-singledigitnumbersuptoa
sum of10indifferentcontexts,"," Learnersinpairs/groupstoputtwogroupsof
objectstogetherandcounttogetthetotal.
 Learnerstouse'+'and'='signsinwriting
additionsentences.
 Learnerstoadd2-singledigit-numbersby
skippingonanumberline.
 Learnerstoadd2-singledigitnumbersusing
thefamilyof10.
 Learnerstoadd2-singledigitnumberby
countingon.
 Learnerstoadd3-singledigitnumbersusing
anumberline.
 Learnerstoadd3-singledigitnumbersby
countingon.
 Learnerstoadd3-singledigitnumbersusing
thefamilyof10.
 Learnerstoadda2-digitnumbertoa1-
digitnumberwithoutregroupinghorizontally
andverticallywithsum notexceeding100.
 Learnerstoaddmultiplesof10uptoa
100vertically.
 Learnerstoplaydigitalgamesinvolvingaddition.
 Learnerstomakepatternsinvolvingaddition
withnumbersupto100.","How can you
add a 2- digit
number to a
1- digit
number?","Correctly:modelsaddition, uses'+'and
'='signs, addsmorethan2-digit
numbersto1-digitnumbersusing
differentstrategies, adds3-singledigit
numbersuptoasum of10, adds
multiplesof10upto100, worksout
missingnumbersinpatternsbeyond100.","Correctly:modelsaddition, uses'+'and'
='signs, addsupto2-digitnumbersto
1-digitnumbersusingdifferent
strategies, adds3-singledigitnumbers
uptoasum of10, addsmultiplesof10
upto100, worksoutmissingnumbersin
patternsupto100.","Inconsistently:modelsaddition, uses'+'
and'='signs, addsupto2-digit
numbersto1-digitnumbersusing
differentstrategies, adds3-singledigit
numbersuptoasum of10, adds
multiplesof10upto100, worksout
missingnumbersinpatternsupto100.","Majorinaccuraciesin:modeling
addition, using'+'and'='signs, adding
upto2-digitnumbersto1-digit
numbersusingdifferentstrategies,
adding3-singledigitnumbersuptoa
sum of10, addingmultiplesof10upto
100, workingoutmissingnumbersin
patternsupto100.",one
19,"1.0
Numbers","1.3Addition
(25lessons)","adda2-digitnumbertoa1-digit
numberwithoutregrouping,
horizontallyandverticallywithsum
notexceeding100,"," Learnersinpairs/groupstoputtwogroupsof
objectstogetherandcounttogetthetotal.
 Learnerstouse'+'and'='signsinwriting
additionsentences.
 Learnerstoadd2-singledigit-numbersby
skippingonanumberline.
 Learnerstoadd2-singledigitnumbersusing
thefamilyof10.
 Learnerstoadd2-singledigitnumberby
countingon.
 Learnerstoadd3-singledigitnumbersusing
anumberline.
 Learnerstoadd3-singledigitnumbersby
countingon.
 Learnerstoadd3-singledigitnumbersusing
thefamilyof10.
 Learnerstoadda2-digitnumbertoa1-
digitnumberwithoutregroupinghorizontally
andverticallywithsum notexceeding100.
 Learnerstoaddmultiplesof10uptoa
100vertically.
 Learnerstoplaydigitalgamesinvolvingaddition.
 Learnerstomakepatternsinvolvingaddition
withnumbersupto100.","How can you
add a 2- digit
number to a
1- digit
number?","Correctly:modelsaddition, uses'+'and
'='signs, addsmorethan2-digit
numbersto1-digitnumbersusing
differentstrategies, adds3-singledigit
numbersuptoasum of10, adds
multiplesof10upto100, worksout
missingnumbersinpatternsbeyond100.","Correctly:modelsaddition, uses'+'and'
='signs, addsupto2-digitnumbersto
1-digitnumbersusingdifferent
strategies, adds3-singledigitnumbers
uptoasum of10, addsmultiplesof10
upto100, worksoutmissingnumbersin
patternsupto100.","Inconsistently:modelsaddition, uses'+'
and'='signs, addsupto2-digit
numbersto1-digitnumbersusing
differentstrategies, adds3-singledigit
numbersuptoasum of10, adds
multiplesof10upto100, worksout
missingnumbersinpatternsupto100.","Majorinaccuraciesin:modeling
addition, using'+'and'='signs, adding
upto2-digitnumbersto1-digit
numbersusingdifferentstrategies,
adding3-singledigitnumbersuptoa
sum of10, addingmultiplesof10upto
100, workingoutmissingnumbersin
patternsupto100.",one
20,"1.0
Numbers","1.3Addition
(25lessons)","addmultiplesof10upto
100vertically,"," Learnersinpairs/groupstoputtwogroupsof
objectstogetherandcounttogetthetotal.
 Learnerstouse'+'and'='signsinwriting
additionsentences.
 Learnerstoadd2-singledigit-numbersby
skippingonanumberline.
 Learnerstoadd2-singledigitnumbersusing
thefamilyof10.
 Learnerstoadd2-singledigitnumberby
countingon.
 Learnerstoadd3-singledigitnumbersusing
anumberline.
 Learnerstoadd3-singledigitnumbersby
countingon.
 Learnerstoadd3-singledigitnumbersusing
thefamilyof10.
 Learnerstoadda2-digitnumbertoa1-
digitnumberwithoutregroupinghorizontally
andverticallywithsum notexceeding100.
 Learnerstoaddmultiplesof10uptoa
100vertically.
 Learnerstoplaydigitalgamesinvolvingaddition.
 Learnerstomakepatternsinvolvingaddition
withnumbersupto100.","How can you
add a 2- digit
number to a
1- digit
number?","Correctly:modelsaddition, uses'+'and
'='signs, addsmorethan2-digit
numbersto1-digitnumbersusing
differentstrategies, adds3-singledigit
numbersuptoasum of10, adds
multiplesof10upto100, worksout
missingnumbersinpatternsbeyond100.","Correctly:modelsaddition, uses'+'and'
='signs, addsupto2-digitnumbersto
1-digitnumbersusingdifferent
strategies, adds3-singledigitnumbers
uptoasum of10, addsmultiplesof10
upto100, worksoutmissingnumbersin
patternsupto100.","Inconsistently:modelsaddition, uses'+'
and'='signs, addsupto2-digit
numbersto1-digitnumbersusing
differentstrategies, adds3-singledigit
numbersuptoasum of10, adds
multiplesof10upto100, worksout
missingnumbersinpatternsupto100.","Majorinaccuraciesin:modeling
addition, using'+'and'='signs, adding
upto2-digitnumbersto1-digit
numbersusingdifferentstrategies,
adding3-singledigitnumbersuptoa
sum of10, addingmultiplesof10upto
100, workingoutmissingnumbersin
patternsupto100.",one
21,"1.0
Numbers","1.3Addition
(25lessons)","workoutmissingnumbersinpatterns
involvingadditionofwholenumbers
upto100."," Learnersinpairs/groupstoputtwogroupsof
objectstogetherandcounttogetthetotal.
 Learnerstouse'+'and'='signsinwriting
additionsentences.
 Learnerstoadd2-singledigit-numbersby
skippingonanumberline.
 Learnerstoadd2-singledigitnumbersusing
thefamilyof10.
 Learnerstoadd2-singledigitnumberby
countingon.
 Learnerstoadd3-singledigitnumbersusing
anumberline.
 Learnerstoadd3-singledigitnumbersby
countingon.
 Learnerstoadd3-singledigitnumbersusing
thefamilyof10.
 Learnerstoadda2-digitnumbertoa1-
digitnumberwithoutregroupinghorizontally
andverticallywithsum notexceeding100.
 Learnerstoaddmultiplesof10uptoa
100vertically.
 Learnerstoplaydigitalgamesinvolvingaddition.
 Learnerstomakepatternsinvolvingaddition
withnumbersupto100.","How can you
add a 2- digit
number to a
1- digit
number?","Correctly:modelsaddition, uses'+'and
'='signs, addsmorethan2-digit
numbersto1-digitnumbersusing
differentstrategies, adds3-singledigit
numbersuptoasum of10, adds
multiplesof10upto100, worksout
missingnumbersinpatternsbeyond100.","Correctly:modelsaddition, uses'+'and'
='signs, addsupto2-digitnumbersto
1-digitnumbersusingdifferent
strategies, adds3-singledigitnumbers
uptoasum of10, addsmultiplesof10
upto100, worksoutmissingnumbersin
patternsupto100.","Inconsistently:modelsaddition, uses'+'
and'='signs, addsupto2-digit
numbersto1-digitnumbersusing
differentstrategies, adds3-singledigit
numbersuptoasum of10, adds
multiplesof10upto100, worksout
missingnumbersinpatternsupto100.","Majorinaccuraciesin:modeling
addition, using'+'and'='signs, adding
upto2-digitnumbersto1-digit
numbersusingdifferentstrategies,
adding3-singledigitnumbersuptoa
sum of10, addingmultiplesof10upto
100, workingoutmissingnumbersin
patternsupto100.",one
22,"1.0
Numbers","1.4.Subtraction
(20lessons)","modelsubtractionas'takingaway'
usingconcreteobjects,"," Learnersinpairs/groupstomodelsubtractionusing
concreteobjects.
 Learnerstouse'-'and'='signsinwriting
subtractionsentences.
 Learnersinpairs/groupstosubtractbycountingbackwards
 Learnersinpairs/groupstosubtractusingthenumberline.
 Learnerstosolveroutineandnon-routineproblemsinvolving
subtractionofa1-digitnumberfrom a2-digitnumberbased
onbasicadditionfacts.
 Learnerstocreatesubtractionsentencesrelatedtobasic
additionfacts.
 Learnerstousetabletstoworkoutsubtractionofmultiplesof
10upto90.
 Learnersinpairs/groupstocreatepatterns
involvingsubtraction.","Howdoyou
subtractasingle
digitnumber
from a2-digit
number?","Correctly:modelssubtractionastaking
away, uses'-'and'='signstowrite
subtractionsentences, subtractssingle
digitnumbers, subtracts1-digitnumbers
from 2-digitnumbersbasedonbasic
additionfacts, relatesadditionand
subtractioninworkingoutproblems
involvingbasicadditionfacts, subtracts
multiplesof10from morethan90and
worksoutmissingnumbersinpatterns
upto100andbeyond.","Correctly:modelssubtractionastaking
away, uses'-'and'='signstowrite
subtractionsentences, subtractssingle
digitnumbers, subtracts1-digit
numbersfrom 2-digitnumbersbasedon
basicadditionfacts, relatesadditionand
subtractioninworkingoutproblems
involvingbasicadditionfacts, subtracts
multiplesof10from upto90andworks
outmissingnumbersinpatternsupto
100.","Inconsistently:modelssubtractionas
takingaway, uses, uses'-'and'='signs
towritesubtractionsentences, subtracts
singledigitnumbers, subtracts1-digit
numbersfrom 2-digitnumbersbasedon
basicadditionfacts, relatesadditionand
subtractioninworkingoutproblems
involvingbasicadditionfacts, subtracts
multiplesof10from upto90andworks
outmissingnumbersinpatternsupto
100.","Majorinaccuraciesin:modeling
subtractionastakingaway, using'-'and'
='signstowritesubtractionsentences,
subtractingsingledigitnumbers,
subtracting1-digitnumbersfrom 2-
digitnumbersbasedonbasicaddition
facts, relatingadditionandsubtractionin
workingoutproblemsinvolvingbasic
additionfacts, subtractingmultiplesof
10from upto90andworkingout
missingnumbersinpatternsupto100.",one
23,"1.0
Numbers","1.4.Subtraction
(20lessons)","usethe'-'and'='signsin
writingsubtractionsentences,"," Learnersinpairs/groupstomodelsubtractionusing
concreteobjects.
 Learnerstouse'-'and'='signsinwriting
subtractionsentences.
 Learnersinpairs/groupstosubtractbycountingbackwards
 Learnersinpairs/groupstosubtractusingthenumberline.
 Learnerstosolveroutineandnon-routineproblemsinvolving
subtractionofa1-digitnumberfrom a2-digitnumberbased
onbasicadditionfacts.
 Learnerstocreatesubtractionsentencesrelatedtobasic
additionfacts.
 Learnerstousetabletstoworkoutsubtractionofmultiplesof
10upto90.
 Learnersinpairs/groupstocreatepatterns
involvingsubtraction.","Howdoyou
subtractasingle
digitnumber
from a2-digit
number?","Correctly:modelssubtractionastaking
away, uses'-'and'='signstowrite
subtractionsentences, subtractssingle
digitnumbers, subtracts1-digitnumbers
from 2-digitnumbersbasedonbasic
additionfacts, relatesadditionand
subtractioninworkingoutproblems
involvingbasicadditionfacts, subtracts
multiplesof10from morethan90and
worksoutmissingnumbersinpatterns
upto100andbeyond.","Correctly:modelssubtractionastaking
away, uses'-'and'='signstowrite
subtractionsentences, subtractssingle
digitnumbers, subtracts1-digit
numbersfrom 2-digitnumbersbasedon
basicadditionfacts, relatesadditionand
subtractioninworkingoutproblems
involvingbasicadditionfacts, subtracts
multiplesof10from upto90andworks
outmissingnumbersinpatternsupto
100.","Inconsistently:modelssubtractionas
takingaway, uses, uses'-'and'='signs
towritesubtractionsentences, subtracts
singledigitnumbers, subtracts1-digit
numbersfrom 2-digitnumbersbasedon
basicadditionfacts, relatesadditionand
subtractioninworkingoutproblems
involvingbasicadditionfacts, subtracts
multiplesof10from upto90andworks
outmissingnumbersinpatternsupto
100.","Majorinaccuraciesin:modeling
subtractionastakingaway, using'-'and'
='signstowritesubtractionsentences,
subtractingsingledigitnumbers,
subtracting1-digitnumbersfrom 2-
digitnumbersbasedonbasicaddition
facts, relatingadditionandsubtractionin
workingoutproblemsinvolvingbasic
additionfacts, subtractingmultiplesof
10from upto90andworkingout
missingnumbersinpatternsupto100.",one
24,"1.0
Numbers","1.4.Subtraction
(20lessons)","subtractsingledigitnumbers,"," Learnersinpairs/groupstomodelsubtractionusing
concreteobjects.
 Learnerstouse'-'and'='signsinwriting
subtractionsentences.
 Learnersinpairs/groupstosubtractbycountingbackwards
 Learnersinpairs/groupstosubtractusingthenumberline.
 Learnerstosolveroutineandnon-routineproblemsinvolving
subtractionofa1-digitnumberfrom a2-digitnumberbased
onbasicadditionfacts.
 Learnerstocreatesubtractionsentencesrelatedtobasic
additionfacts.
 Learnerstousetabletstoworkoutsubtractionofmultiplesof
10upto90.
 Learnersinpairs/groupstocreatepatterns
involvingsubtraction.","Howdoyou
subtractasingle
digitnumber
from a2-digit
number?","Correctly:modelssubtractionastaking
away, uses'-'and'='signstowrite
subtractionsentences, subtractssingle
digitnumbers, subtracts1-digitnumbers
from 2-digitnumbersbasedonbasic
additionfacts, relatesadditionand
subtractioninworkingoutproblems
involvingbasicadditionfacts, subtracts
multiplesof10from morethan90and
worksoutmissingnumbersinpatterns
upto100andbeyond.","Correctly:modelssubtractionastaking
away, uses'-'and'='signstowrite
subtractionsentences, subtractssingle
digitnumbers, subtracts1-digit
numbersfrom 2-digitnumbersbasedon
basicadditionfacts, relatesadditionand
subtractioninworkingoutproblems
involvingbasicadditionfacts, subtracts
multiplesof10from upto90andworks
outmissingnumbersinpatternsupto
100.","Inconsistently:modelssubtractionas
takingaway, uses, uses'-'and'='signs
towritesubtractionsentences, subtracts
singledigitnumbers, subtracts1-digit
numbersfrom 2-digitnumbersbasedon
basicadditionfacts, relatesadditionand
subtractioninworkingoutproblems
involvingbasicadditionfacts, subtracts
multiplesof10from upto90andworks
outmissingnumbersinpatternsupto
100.","Majorinaccuraciesin:modeling
subtractionastakingaway, using'-'and'
='signstowritesubtractionsentences,
subtractingsingledigitnumbers,
subtracting1-digitnumbersfrom 2-
digitnumbersbasedonbasicaddition
facts, relatingadditionandsubtractionin
workingoutproblemsinvolvingbasic
additionfacts, subtractingmultiplesof
10from upto90andworkingout
missingnumbersinpatternsupto100.",one
25,"1.0
Numbers","1.4.Subtraction
(20lessons)","subtract a 1- digit number from a 2-
digit number based on basic
additionfacts,"," Learnersinpairs/groupstomodelsubtractionusing
concreteobjects.
 Learnerstouse'-'and'='signsinwriting
subtractionsentences.
 Learnersinpairs/groupstosubtractbycountingbackwards
 Learnersinpairs/groupstosubtractusingthenumberline.
 Learnerstosolveroutineandnon-routineproblemsinvolving
subtractionofa1-digitnumberfrom a2-digitnumberbased
onbasicadditionfacts.
 Learnerstocreatesubtractionsentencesrelatedtobasic
additionfacts.
 Learnerstousetabletstoworkoutsubtractionofmultiplesof
10upto90.
 Learnersinpairs/groupstocreatepatterns
involvingsubtraction.","Howdoyou
subtractasingle
digitnumber
from a2-digit
number?","Correctly:modelssubtractionastaking
away, uses'-'and'='signstowrite
subtractionsentences, subtractssingle
digitnumbers, subtracts1-digitnumbers
from 2-digitnumbersbasedonbasic
additionfacts, relatesadditionand
subtractioninworkingoutproblems
involvingbasicadditionfacts, subtracts
multiplesof10from morethan90and
worksoutmissingnumbersinpatterns
upto100andbeyond.","Correctly:modelssubtractionastaking
away, uses'-'and'='signstowrite
subtractionsentences, subtractssingle
digitnumbers, subtracts1-digit
numbersfrom 2-digitnumbersbasedon
basicadditionfacts, relatesadditionand
subtractioninworkingoutproblems
involvingbasicadditionfacts, subtracts
multiplesof10from upto90andworks
outmissingnumbersinpatternsupto
100.","Inconsistently:modelssubtractionas
takingaway, uses, uses'-'and'='signs
towritesubtractionsentences, subtracts
singledigitnumbers, subtracts1-digit
numbersfrom 2-digitnumbersbasedon
basicadditionfacts, relatesadditionand
subtractioninworkingoutproblems
involvingbasicadditionfacts, subtracts
multiplesof10from upto90andworks
outmissingnumbersinpatternsupto
100.","Majorinaccuraciesin:modeling
subtractionastakingaway, using'-'and'
='signstowritesubtractionsentences,
subtractingsingledigitnumbers,
subtracting1-digitnumbersfrom 2-
digitnumbersbasedonbasicaddition
facts, relatingadditionandsubtractionin
workingoutproblemsinvolvingbasic
additionfacts, subtractingmultiplesof
10from upto90andworkingout
missingnumbersinpatternsupto100.",one
26,"1.0
Numbers","1.4.Subtraction
(20lessons)","usetherelationshipbetweenaddition
andsubtractioninworkingout
problemsinvolvingbasicadditionfacts,"," Learnersinpairs/groupstomodelsubtractionusing
concreteobjects.
 Learnerstouse'-'and'='signsinwriting
subtractionsentences.
 Learnersinpairs/groupstosubtractbycountingbackwards
 Learnersinpairs/groupstosubtractusingthenumberline.
 Learnerstosolveroutineandnon-routineproblemsinvolving
subtractionofa1-digitnumberfrom a2-digitnumberbased
onbasicadditionfacts.
 Learnerstocreatesubtractionsentencesrelatedtobasic
additionfacts.
 Learnerstousetabletstoworkoutsubtractionofmultiplesof
10upto90.
 Learnersinpairs/groupstocreatepatterns
involvingsubtraction.","Howdoyou
subtractasingle
digitnumber
from a2-digit
number?","Correctly:modelssubtractionastaking
away, uses'-'and'='signstowrite
subtractionsentences, subtractssingle
digitnumbers, subtracts1-digitnumbers
from 2-digitnumbersbasedonbasic
additionfacts, relatesadditionand
subtractioninworkingoutproblems
involvingbasicadditionfacts, subtracts
multiplesof10from morethan90and
worksoutmissingnumbersinpatterns
upto100andbeyond.","Correctly:modelssubtractionastaking
away, uses'-'and'='signstowrite
subtractionsentences, subtractssingle
digitnumbers, subtracts1-digit
numbersfrom 2-digitnumbersbasedon
basicadditionfacts, relatesadditionand
subtractioninworkingoutproblems
involvingbasicadditionfacts, subtracts
multiplesof10from upto90andworks
outmissingnumbersinpatternsupto
100.","Inconsistently:modelssubtractionas
takingaway, uses, uses'-'and'='signs
towritesubtractionsentences, subtracts
singledigitnumbers, subtracts1-digit
numbersfrom 2-digitnumbersbasedon
basicadditionfacts, relatesadditionand
subtractioninworkingoutproblems
involvingbasicadditionfacts, subtracts
multiplesof10from upto90andworks
outmissingnumbersinpatternsupto
100.","Majorinaccuraciesin:modeling
subtractionastakingaway, using'-'and'
='signstowritesubtractionsentences,
subtractingsingledigitnumbers,
subtracting1-digitnumbersfrom 2-
digitnumbersbasedonbasicaddition
facts, relatingadditionandsubtractionin
workingoutproblemsinvolvingbasic
additionfacts, subtractingmultiplesof
10from upto90andworkingout
missingnumbersinpatternsupto100.",one
27,"1.0
Numbers","1.4.Subtraction
(20lessons)","subtractmultiplesof10upto90,"," Learnersinpairs/groupstomodelsubtractionusing
concreteobjects.
 Learnerstouse'-'and'='signsinwriting
subtractionsentences.
 Learnersinpairs/groupstosubtractbycountingbackwards
 Learnersinpairs/groupstosubtractusingthenumberline.
 Learnerstosolveroutineandnon-routineproblemsinvolving
subtractionofa1-digitnumberfrom a2-digitnumberbased
onbasicadditionfacts.
 Learnerstocreatesubtractionsentencesrelatedtobasic
additionfacts.
 Learnerstousetabletstoworkoutsubtractionofmultiplesof
10upto90.
 Learnersinpairs/groupstocreatepatterns
involvingsubtraction.","Howdoyou
subtractasingle
digitnumber
from a2-digit
number?","Correctly:modelssubtractionastaking
away, uses'-'and'='signstowrite
subtractionsentences, subtractssingle
digitnumbers, subtracts1-digitnumbers
from 2-digitnumbersbasedonbasic
additionfacts, relatesadditionand
subtractioninworkingoutproblems
involvingbasicadditionfacts, subtracts
multiplesof10from morethan90and
worksoutmissingnumbersinpatterns
upto100andbeyond.","Correctly:modelssubtractionastaking
away, uses'-'and'='signstowrite
subtractionsentences, subtractssingle
digitnumbers, subtracts1-digit
numbersfrom 2-digitnumbersbasedon
basicadditionfacts, relatesadditionand
subtractioninworkingoutproblems
involvingbasicadditionfacts, subtracts
multiplesof10from upto90andworks
outmissingnumbersinpatternsupto
100.","Inconsistently:modelssubtractionas
takingaway, uses, uses'-'and'='signs
towritesubtractionsentences, subtracts
singledigitnumbers, subtracts1-digit
numbersfrom 2-digitnumbersbasedon
basicadditionfacts, relatesadditionand
subtractioninworkingoutproblems
involvingbasicadditionfacts, subtracts
multiplesof10from upto90andworks
outmissingnumbersinpatternsupto
100.","Majorinaccuraciesin:modeling
subtractionastakingaway, using'-'and'
='signstowritesubtractionsentences,
subtractingsingledigitnumbers,
subtracting1-digitnumbersfrom 2-
digitnumbersbasedonbasicaddition
facts, relatingadditionandsubtractionin
workingoutproblemsinvolvingbasic
additionfacts, subtractingmultiplesof
10from upto90andworkingout
missingnumbersinpatternsupto100.",one
28,"1.0
Numbers","1.4.Subtraction
(20lessons)","workoutmissingnumbersinpatterns
involvingsubtractionofwhole
numbersupto100."," Learnersinpairs/groupstomodelsubtractionusing
concreteobjects.
 Learnerstouse'-'and'='signsinwriting
subtractionsentences.
 Learnersinpairs/groupstosubtractbycountingbackwards
 Learnersinpairs/groupstosubtractusingthenumberline.
 Learnerstosolveroutineandnon-routineproblemsinvolving
subtractionofa1-digitnumberfrom a2-digitnumberbased
onbasicadditionfacts.
 Learnerstocreatesubtractionsentencesrelatedtobasic
additionfacts.
 Learnerstousetabletstoworkoutsubtractionofmultiplesof
10upto90.
 Learnersinpairs/groupstocreatepatterns
involvingsubtraction.","Howdoyou
subtractasingle
digitnumber
from a2-digit
number?","Correctly:modelssubtractionastaking
away, uses'-'and'='signstowrite
subtractionsentences, subtractssingle
digitnumbers, subtracts1-digitnumbers
from 2-digitnumbersbasedonbasic
additionfacts, relatesadditionand
subtractioninworkingoutproblems
involvingbasicadditionfacts, subtracts
multiplesof10from morethan90and
worksoutmissingnumbersinpatterns
upto100andbeyond.","Correctly:modelssubtractionastaking
away, uses'-'and'='signstowrite
subtractionsentences, subtractssingle
digitnumbers, subtracts1-digit
numbersfrom 2-digitnumbersbasedon
basicadditionfacts, relatesadditionand
subtractioninworkingoutproblems
involvingbasicadditionfacts, subtracts
multiplesof10from upto90andworks
outmissingnumbersinpatternsupto
100.","Inconsistently:modelssubtractionas
takingaway, uses, uses'-'and'='signs
towritesubtractionsentences, subtracts
singledigitnumbers, subtracts1-digit
numbersfrom 2-digitnumbersbasedon
basicadditionfacts, relatesadditionand
subtractioninworkingoutproblems
involvingbasicadditionfacts, subtracts
multiplesof10from upto90andworks
outmissingnumbersinpatternsupto
100.","Majorinaccuraciesin:modeling
subtractionastakingaway, using'-'and'
='signstowritesubtractionsentences,
subtractingsingledigitnumbers,
subtracting1-digitnumbersfrom 2-
digitnumbersbasedonbasicaddition
facts, relatingadditionandsubtractionin
workingoutproblemsinvolvingbasic
additionfacts, subtractingmultiplesof
10from upto90andworkingout
missingnumbersinpatternsupto100.",one
29,"2.0
Measurement","2.1Length
(10lessons)","comparelengthofobjectsdirectly,"," Learnersinpairs/groupstocompareobjectsdirectlyto
identifyobjectswhicharelongerthan, shorterthanorsameas.
 Learnerstoplaceobjectsofequallengthindifferent
orientationsanddescribethem usingwordssuchas
longerthan, shorterthanandsameas.
 Learnersinpairs/groupstomeasurelengthsusingdifferent","A. Howdoyou
comparethe
lengthoftwo
objects?
B. Which objects
can be used to
measurethe","Correctly:compareslengthdirectly,
conserveslengthandmeasureslength
usingarbitraryunitsandbeyond.","Correctly:compareslengthdirectly,
conserveslengthandmeasureslength
usingarbitraryunits.","Inconsistently:compareslengthdirectly,
conserveslengthandmeasureslength
usingarbitraryunits.","Majorinaccuraciesin:comparing
lengthdirectly, conservinglengthand
measuringlengthusingarbitraryunits.",one
30,"2.0
Measurement","2.1Length
(10lessons)","conservelengththroughmanipulation,"," Learnersinpairs/groupstocompareobjectsdirectlyto
identifyobjectswhicharelongerthan, shorterthanorsameas.
 Learnerstoplaceobjectsofequallengthindifferent
orientationsanddescribethem usingwordssuchas
longerthan, shorterthanandsameas.
 Learnersinpairs/groupstomeasurelengthsusingdifferent","A. Howdoyou
comparethe
lengthoftwo
objects?
B. Which objects
can be used to
measurethe","Correctly:compareslengthdirectly,
conserveslengthandmeasureslength
usingarbitraryunitsandbeyond.","Correctly:compareslengthdirectly,
conserveslengthandmeasureslength
usingarbitraryunits.","Inconsistently:compareslengthdirectly,
conserveslengthandmeasureslength
usingarbitraryunits.","Majorinaccuraciesin:comparing
lengthdirectly, conservinglengthand
measuringlengthusingarbitraryunits.",one
31,"2.0
Measurement","2.1Length
(10lessons)",measurelengthusingarbitraryunits.," Learnersinpairs/groupstocompareobjectsdirectlyto
identifyobjectswhicharelongerthan, shorterthanorsameas.
 Learnerstoplaceobjectsofequallengthindifferent
orientationsanddescribethem usingwordssuchas
longerthan, shorterthanandsameas.
 Learnersinpairs/groupstomeasurelengthsusingdifferent","A. Howdoyou
comparethe
lengthoftwo
objects?
B. Which objects
can be used to
measurethe","Correctly:compareslengthdirectly,
conserveslengthandmeasureslength
usingarbitraryunitsandbeyond.","Correctly:compareslengthdirectly,
conserveslengthandmeasureslength
usingarbitraryunits.","Inconsistently:compareslengthdirectly,
conserveslengthandmeasureslength
usingarbitraryunits.","Majorinaccuraciesin:comparing
lengthdirectly, conservinglengthand
measuringlengthusingarbitraryunits.",one
32,"2.0
Measurements","2.2Mass
(10lessons)","comparemassofobjects
directly,"," Learnersinpairs/groupsusesafeobjectstoidentify
thoseheavierthan, lighterthanorsame.
 Learnerstousetwoobjectsofequalmassandabeam
balancetodemonstratethatchangeofshapedoesnot
changethemassofanobject.
 Learnersinpairs/groupstouseanidentifiedmassto
comparethemassofotherobjectsusingthewordsheavier
than, lighterthanorsameas.","A. Howcanyoucomparethemass
oftwoormoreobjects?
B. Whatwouldyoudotoshowthat
shapedoesnotchangemass?
C. Howcanyoushowthatan
objectisheavierthan, lighter
thanorsameasyour
mathematicstextbook?","Correctly:comparesmassdirectly
usingthewordsheavierthan, lighter
than, andsameas, conservesmass
throughmanipulation, measuresmass
usingarbitraryunitsandbeyond.","Correctly:comparesmassusingthe
wordsheavierthan, lighterthanand
sameas, conservesmassthrough
manipulation, measuresmassusing
arbitraryunits.","Inconsistently:comparesmassusingthe
wordsheavierthan, lighterthanand
sameas, conservesmassthrough
manipulation, measuresmassusing
arbitraryunits.","Majorinaccuraciesin:comparingmass
usingthewordsheavierthan, lighter
thanandsameas, conservingmass
throughmanipulationandmeasuring
massusingarbitraryunits.",one
33,"2.0
Measurements","2.2Mass
(10lessons)","conservemassthrough
manipulation,"," Learnersinpairs/groupsusesafeobjectstoidentify
thoseheavierthan, lighterthanorsame.
 Learnerstousetwoobjectsofequalmassandabeam
balancetodemonstratethatchangeofshapedoesnot
changethemassofanobject.
 Learnersinpairs/groupstouseanidentifiedmassto
comparethemassofotherobjectsusingthewordsheavier
than, lighterthanorsameas.","A. Howcanyoucomparethemass
oftwoormoreobjects?
B. Whatwouldyoudotoshowthat
shapedoesnotchangemass?
C. Howcanyoushowthatan
objectisheavierthan, lighter
thanorsameasyour
mathematicstextbook?","Correctly:comparesmassdirectly
usingthewordsheavierthan, lighter
than, andsameas, conservesmass
throughmanipulation, measuresmass
usingarbitraryunitsandbeyond.","Correctly:comparesmassusingthe
wordsheavierthan, lighterthanand
sameas, conservesmassthrough
manipulation, measuresmassusing
arbitraryunits.","Inconsistently:comparesmassusingthe
wordsheavierthan, lighterthanand
sameas, conservesmassthrough
manipulation, measuresmassusing
arbitraryunits.","Majorinaccuraciesin:comparingmass
usingthewordsheavierthan, lighter
thanandsameas, conservingmass
throughmanipulationandmeasuring
massusingarbitraryunits.",one
34,"2.0
Measurements","2.2Mass
(10lessons)","measuremassusing
arbitraryunits."," Learnersinpairs/groupsusesafeobjectstoidentify
thoseheavierthan, lighterthanorsame.
 Learnerstousetwoobjectsofequalmassandabeam
balancetodemonstratethatchangeofshapedoesnot
changethemassofanobject.
 Learnersinpairs/groupstouseanidentifiedmassto
comparethemassofotherobjectsusingthewordsheavier
than, lighterthanorsameas.","A. Howcanyoucomparethemass
oftwoormoreobjects?
B. Whatwouldyoudotoshowthat
shapedoesnotchangemass?
C. Howcanyoushowthatan
objectisheavierthan, lighter
thanorsameasyour
mathematicstextbook?","Correctly:comparesmassdirectly
usingthewordsheavierthan, lighter
than, andsameas, conservesmass
throughmanipulation, measuresmass
usingarbitraryunitsandbeyond.","Correctly:comparesmassusingthe
wordsheavierthan, lighterthanand
sameas, conservesmassthrough
manipulation, measuresmassusing
arbitraryunits.","Inconsistently:comparesmassusingthe
wordsheavierthan, lighterthanand
sameas, conservesmassthrough
manipulation, measuresmassusing
arbitraryunits.","Majorinaccuraciesin:comparingmass
usingthewordsheavierthan, lighter
thanandsameas, conservingmass
throughmanipulationandmeasuring
massusingarbitraryunits.",one
35,"2.0
Measurement","2.3Capacity
(12lessons)","comparecapacityofcontainersdirectly,"," Learnerstoemptyandfillwaterindifferent
containerstoestablishwhichholdsmore, whichholds
lessandwhichholdsthesame.
 Learnerstoidentifyandcomparecontainerswhich
holdsmore, lessorsameas.
 Learnerstofillcontainersofdifferentshapesandsizes
withwaterthenemptyintootherssoastoestablish
thatsomecontainerscanholdthesameamount
althoughtheirshapesaredifferent.
 Learnerstobegivenwater, samesizebasinsand
differentsmallcontainers. Thelearnerstocountthe
numberofsmallcontainerstheyusetofillthe
basin.","Question(s)
How can we find
out which of two
containers hold
more, less or same
as?","Correctly:comparescapacityofdifferent
containersusingthetermsholdsmore,
lessorsameas, conservescapacityusing
containersofdifferentshapesandsizes,
measurescapacityusingarbitraryunits
andbeyond.","Correctly:comparescapacityofdifferent
containersusingthetermsholdsmore,
lessorsameas, conservescapacityusing
containersofdifferentshapesandsizes,
measurescapacityusingarbitraryunits.","Inconsistently:comparescapacityof
differentcontainersusingthetermsholds
more, lessorsameas, conservescapacity
usingcontainersofdifferentshapesand
sizes, measurescapacityusingarbitrary
units.","Majorinaccuraciesin:comparing
capacityofdifferentcontainersusingthe
termsholdsmore, lessorsameas,
conservingcapacityusingcontainersof
differentshapesandsizes, measuring
capacityusingarbitraryunits.",one
36,"2.0
Measurement","2.3Capacity
(12lessons)","conservecapacitythroughmanipulation,"," Learnerstoemptyandfillwaterindifferent
containerstoestablishwhichholdsmore, whichholds
lessandwhichholdsthesame.
 Learnerstoidentifyandcomparecontainerswhich
holdsmore, lessorsameas.
 Learnerstofillcontainersofdifferentshapesandsizes
withwaterthenemptyintootherssoastoestablish
thatsomecontainerscanholdthesameamount
althoughtheirshapesaredifferent.
 Learnerstobegivenwater, samesizebasinsand
differentsmallcontainers. Thelearnerstocountthe
numberofsmallcontainerstheyusetofillthe
basin.","Question(s)
How can we find
out which of two
containers hold
more, less or same
as?","Correctly:comparescapacityofdifferent
containersusingthetermsholdsmore,
lessorsameas, conservescapacityusing
containersofdifferentshapesandsizes,
measurescapacityusingarbitraryunits
andbeyond.","Correctly:comparescapacityofdifferent
containersusingthetermsholdsmore,
lessorsameas, conservescapacityusing
containersofdifferentshapesandsizes,
measurescapacityusingarbitraryunits.","Inconsistently:comparescapacityof
differentcontainersusingthetermsholds
more, lessorsameas, conservescapacity
usingcontainersofdifferentshapesand
sizes, measurescapacityusingarbitrary
units.","Majorinaccuraciesin:comparing
capacityofdifferentcontainersusingthe
termsholdsmore, lessorsameas,
conservingcapacityusingcontainersof
differentshapesandsizes, measuring
capacityusingarbitraryunits.",one
37,"2.0
Measurement","2.3Capacity
(12lessons)",measurecapacityusingarbitraryunits.," Learnerstoemptyandfillwaterindifferent
containerstoestablishwhichholdsmore, whichholds
lessandwhichholdsthesame.
 Learnerstoidentifyandcomparecontainerswhich
holdsmore, lessorsameas.
 Learnerstofillcontainersofdifferentshapesandsizes
withwaterthenemptyintootherssoastoestablish
thatsomecontainerscanholdthesameamount
althoughtheirshapesaredifferent.
 Learnerstobegivenwater, samesizebasinsand
differentsmallcontainers. Thelearnerstocountthe
numberofsmallcontainerstheyusetofillthe
basin.","Question(s)
How can we find
out which of two
containers hold
more, less or same
as?","Correctly:comparescapacityofdifferent
containersusingthetermsholdsmore,
lessorsameas, conservescapacityusing
containersofdifferentshapesandsizes,
measurescapacityusingarbitraryunits
andbeyond.","Correctly:comparescapacityofdifferent
containersusingthetermsholdsmore,
lessorsameas, conservescapacityusing
containersofdifferentshapesandsizes,
measurescapacityusingarbitraryunits.","Inconsistently:comparescapacityof
differentcontainersusingthetermsholds
more, lessorsameas, conservescapacity
usingcontainersofdifferentshapesand
sizes, measurescapacityusingarbitrary
units.","Majorinaccuraciesin:comparing
capacityofdifferentcontainersusingthe
termsholdsmore, lessorsameas,
conservingcapacityusingcontainersof
differentshapesandsizes, measuring
capacityusingarbitraryunits.",one
38,"2.0
Measurement","2.4Time
(8lessons)","relatedailyactivitiestotime,"," Learnersinpairs/groupstoidentifyactivitiesthey
dointhemorning, afternoonandeveningbothat
homeandschool.
 Learnerstosingsongs/rhymesrelatedtodaysof
theweek.
 Learnersinpairs/groupstoidentifyactivitiesthat
takeplaceduringthedaysoftheweek","A. Whichdayofthe
weekdoyouraise
theschoolflag?
B. Whichdayofthe
weekdoyou
worship?","Correctly:relatesdailyactivitiesto
time, relatesdaysoftheweekwith
variousactivities, recitesdaysofthe
weekanddemonstratesmoreaspectsof
time.","Correctly:relatesdailyactivitiesto
time, relatesdaysoftheweekwith
variousactivities, andrecitesdaysofthe
week.","Inconsistently:relatesdailyactivitiesto
time, relatesdaysoftheweekwith
variousactivities, andrecitesdaysof
theweek.","Majorinaccuraciesin:relatingdaily
activitiestotime, relatingdaysof
theweekwithvariousactivities,
recitingdaysoftheweek.",one
39,"2.0
Measurement","2.4Time
(8lessons)","relatedaysoftheweekwith
variousactivities."," Learnersinpairs/groupstoidentifyactivitiesthey
dointhemorning, afternoonandeveningbothat
homeandschool.
 Learnerstosingsongs/rhymesrelatedtodaysof
theweek.
 Learnersinpairs/groupstoidentifyactivitiesthat
takeplaceduringthedaysoftheweek","A. Whichdayofthe
weekdoyouraise
theschoolflag?
B. Whichdayofthe
weekdoyou
worship?","Correctly:relatesdailyactivitiesto
time, relatesdaysoftheweekwith
variousactivities, recitesdaysofthe
weekanddemonstratesmoreaspectsof
time.","Correctly:relatesdailyactivitiesto
time, relatesdaysoftheweekwith
variousactivities, andrecitesdaysofthe
week.","Inconsistently:relatesdailyactivitiesto
time, relatesdaysoftheweekwith
variousactivities, andrecitesdaysof
theweek.","Majorinaccuraciesin:relatingdaily
activitiestotime, relatingdaysof
theweekwithvariousactivities,
recitingdaysoftheweek.",one
40,"2.0
Measurement","2.5Money
(8lessons)","identifykenyancurrencycoinsand
notesuptosh.100,"," Learnersinpairs/groupstosortoutdifferentKenyancurrency
coinsandnotesaccordingtotheirvalueuptosh.100.
 Learnerstoputtogethercoinsandnotesuptosh.100according
totheirvalueandfeatures.
 Learnersinpairs/groupstogivetheirownexperiencesin
relationtoshoppingactivities.
 Learnerstodiscussthevalueofitemsintheclassroom shopup
tosh.100.
 Learnersinpairs/groupstodiscussitemstheycannotdo
withoutandthosethatarenecessarybuttheycandowithout.
 Learnersinpairs/groupstoidentifyneedsandwants.
 Learnerstoplaydigitalgamesinvolvingneedsandwants.
 Learnerstogivetheirownexperiencesonsavingandspending
ofmoney.
 Learnerstoroleplaybuyingandsellingfrom theclassroom shop","Question(s)
How can you
identify
Kenyan
currency coins
and notes?","Correctly:identifiesKenyancurrency
coinsandnotesuptosh.100, relates
moneytogoodsandservicesand
differentiatesbetweenneedsandwants,
andbeyond.","Correctly:identifiesKenyancurrency
coinsandnotesuptosh.100, relates
moneytogoodsandservicesand
differentiatesbetweenneedsandwants.","Inconsistently:identifiesKenyan
currencycoinsandnotesuptosh.100,
relatesmoneytogoodsandservices
anddifferentiatesbetweenneedsand
wants.","Majorinaccuraciesin:identifying
Kenyancurrencycoinsandnotesup
tosh.100, relatingmoneytogoods
andservicesanddifferentiating
betweenneedsandwants.",one
41,"2.0
Measurement","2.5Money
(8lessons)","relatemoneytogoodsandservices
uptosh.100inshoppingactivities,"," Learnersinpairs/groupstosortoutdifferentKenyancurrency
coinsandnotesaccordingtotheirvalueuptosh.100.
 Learnerstoputtogethercoinsandnotesuptosh.100according
totheirvalueandfeatures.
 Learnersinpairs/groupstogivetheirownexperiencesin
relationtoshoppingactivities.
 Learnerstodiscussthevalueofitemsintheclassroom shopup
tosh.100.
 Learnersinpairs/groupstodiscussitemstheycannotdo
withoutandthosethatarenecessarybuttheycandowithout.
 Learnersinpairs/groupstoidentifyneedsandwants.
 Learnerstoplaydigitalgamesinvolvingneedsandwants.
 Learnerstogivetheirownexperiencesonsavingandspending
ofmoney.
 Learnerstoroleplaybuyingandsellingfrom theclassroom shop","Question(s)
How can you
identify
Kenyan
currency coins
and notes?","Correctly:identifiesKenyancurrency
coinsandnotesuptosh.100, relates
moneytogoodsandservicesand
differentiatesbetweenneedsandwants,
andbeyond.","Correctly:identifiesKenyancurrency
coinsandnotesuptosh.100, relates
moneytogoodsandservicesand
differentiatesbetweenneedsandwants.","Inconsistently:identifiesKenyan
currencycoinsandnotesuptosh.100,
relatesmoneytogoodsandservices
anddifferentiatesbetweenneedsand
wants.","Majorinaccuraciesin:identifying
Kenyancurrencycoinsandnotesup
tosh.100, relatingmoneytogoods
andservicesanddifferentiating
betweenneedsandwants.",one
42,"2.0
Measurement","2.5Money
(8lessons)","differentiatebetweenneedsandwants
inreallifecontext,"," Learnersinpairs/groupstosortoutdifferentKenyancurrency
coinsandnotesaccordingtotheirvalueuptosh.100.
 Learnerstoputtogethercoinsandnotesuptosh.100according
totheirvalueandfeatures.
 Learnersinpairs/groupstogivetheirownexperiencesin
relationtoshoppingactivities.
 Learnerstodiscussthevalueofitemsintheclassroom shopup
tosh.100.
 Learnersinpairs/groupstodiscussitemstheycannotdo
withoutandthosethatarenecessarybuttheycandowithout.
 Learnersinpairs/groupstoidentifyneedsandwants.
 Learnerstoplaydigitalgamesinvolvingneedsandwants.
 Learnerstogivetheirownexperiencesonsavingandspending
ofmoney.
 Learnerstoroleplaybuyingandsellingfrom theclassroom shop","Question(s)
How can you
identify
Kenyan
currency coins
and notes?","Correctly:identifiesKenyancurrency
coinsandnotesuptosh.100, relates
moneytogoodsandservicesand
differentiatesbetweenneedsandwants,
andbeyond.","Correctly:identifiesKenyancurrency
coinsandnotesuptosh.100, relates
moneytogoodsandservicesand
differentiatesbetweenneedsandwants.","Inconsistently:identifiesKenyan
currencycoinsandnotesuptosh.100,
relatesmoneytogoodsandservices
anddifferentiatesbetweenneedsand
wants.","Majorinaccuraciesin:identifying
Kenyancurrencycoinsandnotesup
tosh.100, relatingmoneytogoods
andservicesanddifferentiating
betweenneedsandwants.",one
43,"2.0
Measurement","2.5Money
(8lessons)","appreciatespendingandsavinginreal
lifesituations."," Learnersinpairs/groupstosortoutdifferentKenyancurrency
coinsandnotesaccordingtotheirvalueuptosh.100.
 Learnerstoputtogethercoinsandnotesuptosh.100according
totheirvalueandfeatures.
 Learnersinpairs/groupstogivetheirownexperiencesin
relationtoshoppingactivities.
 Learnerstodiscussthevalueofitemsintheclassroom shopup
tosh.100.
 Learnersinpairs/groupstodiscussitemstheycannotdo
withoutandthosethatarenecessarybuttheycandowithout.
 Learnersinpairs/groupstoidentifyneedsandwants.
 Learnerstoplaydigitalgamesinvolvingneedsandwants.
 Learnerstogivetheirownexperiencesonsavingandspending
ofmoney.
 Learnerstoroleplaybuyingandsellingfrom theclassroom shop","Question(s)
How can you
identify
Kenyan
currency coins
and notes?","Correctly:identifiesKenyancurrency
coinsandnotesuptosh.100, relates
moneytogoodsandservicesand
differentiatesbetweenneedsandwants,
andbeyond.","Correctly:identifiesKenyancurrency
coinsandnotesuptosh.100, relates
moneytogoodsandservicesand
differentiatesbetweenneedsandwants.","Inconsistently:identifiesKenyan
currencycoinsandnotesuptosh.100,
relatesmoneytogoodsandservices
anddifferentiatesbetweenneedsand
wants.","Majorinaccuraciesin:identifying
Kenyancurrencycoinsandnotesup
tosh.100, relatingmoneytogoods
andservicesanddifferentiating
betweenneedsandwants.",one
44,"3.0
Geometry","3.1Lines
(6lessons)","drawstraightlinesforapplication
inreallife,"," Learnerstostandbehindoneanotherfacingthesamesideand
identifywhattheyhaveformedasastraightline.
 Learnersinpairs/groupstomarktwopointsonthegroundandusinga
sticktodrawalinejoiningthetwopointstocomeupwithastraight
line.
 Learnerstopracticedrawingstraightlinesonthegroundandin
theirbooks.
 Learnersingroupstoform asemi-circleandoneofthem todrawa","What types of
lines are there?","Correctlydrawsstraightandcurved
linesandalsoothertypesoflines.",Correctlydrawsstraightandcurvedlines.,"Inconsistentlydrawsstraightandcurved
lines.","Majorinaccuraciesindrawingstraight
andcurvedlines.",one
45,"3.0
Geometry","3.1Lines
(6lessons)","drawcurvedlinesforapplication
inreallifesituations."," Learnerstostandbehindoneanotherfacingthesamesideand
identifywhattheyhaveformedasastraightline.
 Learnersinpairs/groupstomarktwopointsonthegroundandusinga
sticktodrawalinejoiningthetwopointstocomeupwithastraight
line.
 Learnerstopracticedrawingstraightlinesonthegroundandin
theirbooks.
 Learnersingroupstoform asemi-circleandoneofthem todrawa","What types of
lines are there?","Correctlydrawsstraightandcurved
linesandalsoothertypesoflines.",Correctlydrawsstraightandcurvedlines.,"Inconsistentlydrawsstraightandcurved
lines.","Majorinaccuraciesindrawingstraight
andcurvedlines.",one
46,"3.0
Geometry","3.2Shapes
(6lessons)","identifyrectangles, circlesandtrianglesin
theenvironment,"," Learnersinpairs/groupstosortandgroupdifferent
shapeusingoneattribute.
 Learnersinpairs/groupsdiscussthetypesoflinesthat
makerectangles, circles, trianglesandnamethem.
 Learnersworkingindividuallytomakepatternsof
theirchoiceusingthethreeshapes.","What shapes
can you
identify in
your school?","Correctlyidentifiesshapesand
makespatternsusingrectangles,
circles, trianglesandothershapes.","Correctlyidentifiesshapesand
makespatternsusingrectangles,
circlesandtriangles.","Inconsistentlyidentifiesshapesand
makespatternsusingrectangles, circles
andtriangles","Majorinaccuraciesinidentifying
shapesandmakingpatternsusing
rectangles, circlesandtriangles.",one
47,"3.0
Geometry","3.2Shapes
(6lessons)","makepatternsinvolvingrectangles, circles
andtriangles,"," Learnersinpairs/groupstosortandgroupdifferent
shapeusingoneattribute.
 Learnersinpairs/groupsdiscussthetypesoflinesthat
makerectangles, circles, trianglesandnamethem.
 Learnersworkingindividuallytomakepatternsof
theirchoiceusingthethreeshapes.","What shapes
can you
identify in
your school?","Correctlyidentifiesshapesand
makespatternsusingrectangles,
circles, trianglesandothershapes.","Correctlyidentifiesshapesand
makespatternsusingrectangles,
circlesandtriangles.","Inconsistentlyidentifiesshapesand
makespatternsusingrectangles, circles
andtriangles","Majorinaccuraciesinidentifying
shapesandmakingpatternsusing
rectangles, circlesandtriangles.",one
48,"3.0
Geometry","3.2Shapes
(6lessons)","appreciatethebeautyofpatternsinthe
environment."," Learnersinpairs/groupstosortandgroupdifferent
shapeusingoneattribute.
 Learnersinpairs/groupsdiscussthetypesoflinesthat
makerectangles, circles, trianglesandnamethem.
 Learnersworkingindividuallytomakepatternsof
theirchoiceusingthethreeshapes.","What shapes
can you
identify in
your school?","Correctlyidentifiesshapesand
makespatternsusingrectangles,
circles, trianglesandothershapes.","Correctlyidentifiesshapesand
makespatternsusingrectangles,
circlesandtriangles.","Inconsistentlyidentifiesshapesand
makespatternsusingrectangles, circles
andtriangles","Majorinaccuraciesinidentifying
shapesandmakingpatternsusing
rectangles, circlesandtriangles.",one
